{"accuracy": 0.9510166358595195, "precision": 0.84375, "recall": 0.7659574468085106, "auc": 0.9465447200428094}